P_gas_phys_kPa_MAE,P_gas_phys_kPa_RMSE,P_gas_phys_kPa_R2
0.08473569343344518,0.22891303129683319,0.9997646509109536
