P_gas_phys_kPa_MAE,P_gas_phys_kPa_RMSE,P_gas_phys_kPa_R2
0.10597415099972113,0.2395200523528317,0.9997424860173877
